/*
MySQL Backup
Database: techjobstt
Backup Time: 2023-05-27 23:12:38
*/

SET FOREIGN_KEY_CHECKS=0;
CREATE TABLE `admins` (
  `id` bigint(20) unsigned NOT NULL AUTO_INCREMENT,
  `username` varchar(255) COLLATE utf8mb4_unicode_ci DEFAULT NULL,
  `email` varchar(255) COLLATE utf8mb4_unicode_ci NOT NULL,
  `password` varchar(255) COLLATE utf8mb4_unicode_ci NOT NULL,
  `full_name` varchar(255) COLLATE utf8mb4_unicode_ci DEFAULT NULL,
  `address` varchar(255) COLLATE utf8mb4_unicode_ci DEFAULT NULL,
  `gender` tinyint(1) DEFAULT NULL,
  `phone` varchar(12) COLLATE utf8mb4_unicode_ci DEFAULT NULL,
  `company` varchar(255) COLLATE utf8mb4_unicode_ci DEFAULT NULL,
  `city` varchar(255) COLLATE utf8mb4_unicode_ci DEFAULT NULL,
  `remember_token` varchar(100) COLLATE utf8mb4_unicode_ci DEFAULT NULL,
  `created_at` timestamp NULL DEFAULT NULL,
  `updated_at` timestamp NULL DEFAULT NULL,
  PRIMARY KEY (`id`),
  UNIQUE KEY `admins_email_unique` (`email`)
) ENGINE=InnoDB AUTO_INCREMENT=2 DEFAULT CHARSET=utf8mb4 COLLATE=utf8mb4_unicode_ci;
CREATE TABLE `cities` (
  `id` bigint(20) unsigned NOT NULL AUTO_INCREMENT,
  `name` varchar(255) COLLATE utf8mb4_unicode_ci NOT NULL,
  `created_at` timestamp NULL DEFAULT NULL,
  `updated_at` timestamp NULL DEFAULT NULL,
  PRIMARY KEY (`id`)
) ENGINE=InnoDB AUTO_INCREMENT=64 DEFAULT CHARSET=utf8mb4 COLLATE=utf8mb4_unicode_ci;
CREATE TABLE `companies` (
  `id` bigint(20) unsigned NOT NULL AUTO_INCREMENT,
  `avatar` varchar(255) COLLATE utf8mb4_unicode_ci DEFAULT NULL,
  `name` varchar(255) COLLATE utf8mb4_unicode_ci DEFAULT NULL,
  `email` varchar(255) COLLATE utf8mb4_unicode_ci DEFAULT NULL,
  `address` varchar(255) COLLATE utf8mb4_unicode_ci DEFAULT NULL,
  `url` varchar(255) COLLATE utf8mb4_unicode_ci DEFAULT NULL,
  `phone` varchar(12) COLLATE utf8mb4_unicode_ci DEFAULT NULL,
  `introduce` text COLLATE utf8mb4_unicode_ci,
  `size` varchar(255) COLLATE utf8mb4_unicode_ci DEFAULT NULL,
  `created_at` timestamp NULL DEFAULT NULL,
  `updated_at` timestamp NULL DEFAULT NULL,
  PRIMARY KEY (`id`)
) ENGINE=InnoDB AUTO_INCREMENT=9 DEFAULT CHARSET=utf8mb4 COLLATE=utf8mb4_unicode_ci;
CREATE TABLE `followings` (
  `id` bigint(20) unsigned NOT NULL AUTO_INCREMENT,
  `user_id` bigint(20) unsigned NOT NULL,
  `job_id` bigint(20) unsigned NOT NULL,
  `status` tinyint(1) DEFAULT '0',
  `created_at` timestamp NULL DEFAULT NULL,
  `updated_at` timestamp NULL DEFAULT NULL,
  PRIMARY KEY (`id`),
  KEY `followings_user_id_foreign` (`user_id`),
  KEY `followings_job_id_foreign` (`job_id`),
  CONSTRAINT `followings_job_id_foreign` FOREIGN KEY (`job_id`) REFERENCES `jobs` (`id`) ON DELETE CASCADE,
  CONSTRAINT `followings_user_id_foreign` FOREIGN KEY (`user_id`) REFERENCES `users` (`id`) ON DELETE CASCADE
) ENGINE=InnoDB DEFAULT CHARSET=utf8mb4 COLLATE=utf8mb4_unicode_ci;
CREATE TABLE `jobs` (
  `id` bigint(20) unsigned NOT NULL AUTO_INCREMENT,
  `title` varchar(255) COLLATE utf8mb4_unicode_ci DEFAULT NULL,
  `level` varchar(255) COLLATE utf8mb4_unicode_ci DEFAULT NULL,
  `salary_start` varchar(255) COLLATE utf8mb4_unicode_ci DEFAULT NULL,
  `salary_end` varchar(255) COLLATE utf8mb4_unicode_ci DEFAULT NULL,
  `experience` varchar(255) COLLATE utf8mb4_unicode_ci DEFAULT NULL,
  `languages` text COLLATE utf8mb4_unicode_ci,
  `gender` varchar(255) COLLATE utf8mb4_unicode_ci DEFAULT NULL,
  `content` text COLLATE utf8mb4_unicode_ci,
  `state` tinyint(1) DEFAULT '1',
  `size` varchar(255) COLLATE utf8mb4_unicode_ci DEFAULT NULL,
  `date_end` date DEFAULT NULL,
  `count` int(11) DEFAULT '0',
  `city_id` bigint(20) unsigned NOT NULL,
  `company_id` bigint(20) unsigned NOT NULL,
  `created_at` timestamp NULL DEFAULT NULL,
  `updated_at` timestamp NULL DEFAULT NULL,
  PRIMARY KEY (`id`),
  KEY `jobs_city_id_foreign` (`city_id`),
  KEY `jobs_company_id_foreign` (`company_id`),
  CONSTRAINT `jobs_city_id_foreign` FOREIGN KEY (`city_id`) REFERENCES `cities` (`id`) ON DELETE CASCADE,
  CONSTRAINT `jobs_company_id_foreign` FOREIGN KEY (`company_id`) REFERENCES `companies` (`id`) ON DELETE CASCADE
) ENGINE=InnoDB AUTO_INCREMENT=101 DEFAULT CHARSET=utf8mb4 COLLATE=utf8mb4_unicode_ci;
CREATE TABLE `languages` (
  `id` bigint(20) unsigned NOT NULL AUTO_INCREMENT,
  `name` varchar(255) COLLATE utf8mb4_unicode_ci DEFAULT NULL,
  `created_at` timestamp NULL DEFAULT NULL,
  `updated_at` timestamp NULL DEFAULT NULL,
  PRIMARY KEY (`id`)
) ENGINE=InnoDB AUTO_INCREMENT=9 DEFAULT CHARSET=utf8mb4 COLLATE=utf8mb4_unicode_ci;
CREATE TABLE `migrations` (
  `id` int(10) unsigned NOT NULL AUTO_INCREMENT,
  `migration` varchar(255) COLLATE utf8mb4_unicode_ci NOT NULL,
  `batch` int(11) NOT NULL,
  PRIMARY KEY (`id`)
) ENGINE=InnoDB AUTO_INCREMENT=10 DEFAULT CHARSET=utf8mb4 COLLATE=utf8mb4_unicode_ci;
CREATE TABLE `personal_access_tokens` (
  `id` bigint(20) unsigned NOT NULL AUTO_INCREMENT,
  `tokenable_type` varchar(255) COLLATE utf8mb4_unicode_ci NOT NULL,
  `tokenable_id` bigint(20) unsigned NOT NULL,
  `name` varchar(255) COLLATE utf8mb4_unicode_ci NOT NULL,
  `token` varchar(64) COLLATE utf8mb4_unicode_ci NOT NULL,
  `abilities` text COLLATE utf8mb4_unicode_ci,
  `last_used_at` timestamp NULL DEFAULT NULL,
  `expires_at` timestamp NULL DEFAULT NULL,
  `created_at` timestamp NULL DEFAULT NULL,
  `updated_at` timestamp NULL DEFAULT NULL,
  PRIMARY KEY (`id`),
  UNIQUE KEY `personal_access_tokens_token_unique` (`token`),
  KEY `personal_access_tokens_tokenable_type_tokenable_id_index` (`tokenable_type`,`tokenable_id`)
) ENGINE=InnoDB DEFAULT CHARSET=utf8mb4 COLLATE=utf8mb4_unicode_ci;
CREATE TABLE `posts` (
  `id` bigint(20) unsigned NOT NULL AUTO_INCREMENT,
  `title` varchar(255) COLLATE utf8mb4_unicode_ci DEFAULT NULL,
  `thumb` varchar(255) COLLATE utf8mb4_unicode_ci DEFAULT NULL,
  `description` varchar(255) COLLATE utf8mb4_unicode_ci DEFAULT NULL,
  `content` longtext COLLATE utf8mb4_unicode_ci,
  `category` varchar(255) COLLATE utf8mb4_unicode_ci DEFAULT NULL,
  `slug` varchar(120) COLLATE utf8mb4_unicode_ci NOT NULL,
  `created_at` timestamp NULL DEFAULT NULL,
  `updated_at` timestamp NULL DEFAULT NULL,
  PRIMARY KEY (`id`),
  KEY `posts_slug_index` (`slug`)
) ENGINE=InnoDB AUTO_INCREMENT=52 DEFAULT CHARSET=utf8mb4 COLLATE=utf8mb4_unicode_ci;
CREATE TABLE `users` (
  `id` bigint(20) unsigned NOT NULL AUTO_INCREMENT,
  `username` varchar(255) COLLATE utf8mb4_unicode_ci DEFAULT NULL,
  `email` varchar(255) COLLATE utf8mb4_unicode_ci NOT NULL,
  `password` varchar(255) COLLATE utf8mb4_unicode_ci NOT NULL,
  `full_name` varchar(255) COLLATE utf8mb4_unicode_ci DEFAULT NULL,
  `address` varchar(255) COLLATE utf8mb4_unicode_ci DEFAULT NULL,
  `gender` tinyint(1) DEFAULT NULL,
  `phone` varchar(12) COLLATE utf8mb4_unicode_ci DEFAULT NULL,
  `company` varchar(255) COLLATE utf8mb4_unicode_ci DEFAULT NULL,
  `city` varchar(255) COLLATE utf8mb4_unicode_ci DEFAULT NULL,
  `remember_token` varchar(100) COLLATE utf8mb4_unicode_ci DEFAULT NULL,
  `created_at` timestamp NULL DEFAULT NULL,
  `updated_at` timestamp NULL DEFAULT NULL,
  PRIMARY KEY (`id`),
  UNIQUE KEY `users_email_unique` (`email`)
) ENGINE=InnoDB AUTO_INCREMENT=3 DEFAULT CHARSET=utf8mb4 COLLATE=utf8mb4_unicode_ci;
BEGIN;
LOCK TABLES `admins` WRITE;
DELETE FROM `admins`;
INSERT INTO `admins` (`id`,`username`,`email`,`password`,`full_name`,`address`,`gender`,`phone`,`company`,`city`,`remember_token`,`created_at`,`updated_at`) VALUES (1, 'admin', 'admin@example.com', '$2y$10$BMmpkc6mdd5dycTSJoClbOic0BCy.PoMpXfGXmvW3piryTzY7mAy2', 'admin', '112 Monahan Via Suite 567\nDomenicamouth, OK 58917-3567', 1, '+15418783803', 'Schimmel, Hettinger and Mayer', 'South Magdalenshire', NULL, '2023-05-27 15:14:15', '2023-05-27 15:14:15');
UNLOCK TABLES;
COMMIT;
BEGIN;
LOCK TABLES `cities` WRITE;
DELETE FROM `cities`;
INSERT INTO `cities` (`id`,`name`,`created_at`,`updated_at`) VALUES (1, 'Thành phố Hà Nội', '2023-05-27 15:14:15', '2023-05-27 15:14:15'),(2, 'Tỉnh Hà Giang', '2023-05-27 15:14:15', '2023-05-27 15:14:15'),(3, 'Tỉnh Cao Bằng', '2023-05-27 15:14:15', '2023-05-27 15:14:15'),(4, 'Tỉnh Bắc Kạn', '2023-05-27 15:14:15', '2023-05-27 15:14:15'),(5, 'Tỉnh Tuyên Quang', '2023-05-27 15:14:15', '2023-05-27 15:14:15'),(6, 'Tỉnh Lào Cai', '2023-05-27 15:14:15', '2023-05-27 15:14:15'),(7, 'Tỉnh Điện Biên', '2023-05-27 15:14:15', '2023-05-27 15:14:15'),(8, 'Tỉnh Lai Châu', '2023-05-27 15:14:15', '2023-05-27 15:14:15'),(9, 'Tỉnh Sơn La', '2023-05-27 15:14:15', '2023-05-27 15:14:15'),(10, 'Tỉnh Yên Bái', '2023-05-27 15:14:15', '2023-05-27 15:14:15'),(11, 'Tỉnh Hoà Bình', '2023-05-27 15:14:15', '2023-05-27 15:14:15'),(12, 'Tỉnh Thái Nguyên', '2023-05-27 15:14:15', '2023-05-27 15:14:15'),(13, 'Tỉnh Lạng Sơn', '2023-05-27 15:14:15', '2023-05-27 15:14:15'),(14, 'Tỉnh Quảng Ninh', '2023-05-27 15:14:15', '2023-05-27 15:14:15'),(15, 'Tỉnh Bắc Giang', '2023-05-27 15:14:15', '2023-05-27 15:14:15'),(16, 'Tỉnh Phú Thọ', '2023-05-27 15:14:15', '2023-05-27 15:14:15'),(17, 'Tỉnh Vĩnh Phúc', '2023-05-27 15:14:15', '2023-05-27 15:14:15'),(18, 'Tỉnh Bắc Ninh', '2023-05-27 15:14:15', '2023-05-27 15:14:15'),(19, 'Tỉnh Hải Dương', '2023-05-27 15:14:15', '2023-05-27 15:14:15'),(20, 'Thành phố Hải Phòng', '2023-05-27 15:14:15', '2023-05-27 15:14:15'),(21, 'Tỉnh Hưng Yên', '2023-05-27 15:14:15', '2023-05-27 15:14:15'),(22, 'Tỉnh Thái Bình', '2023-05-27 15:14:15', '2023-05-27 15:14:15'),(23, 'Tỉnh Hà Nam', '2023-05-27 15:14:15', '2023-05-27 15:14:15'),(24, 'Tỉnh Nam Định', '2023-05-27 15:14:15', '2023-05-27 15:14:15'),(25, 'Tỉnh Ninh Bình', '2023-05-27 15:14:15', '2023-05-27 15:14:15'),(26, 'Tỉnh Thanh Hóa', '2023-05-27 15:14:15', '2023-05-27 15:14:15'),(27, 'Tỉnh Nghệ An', '2023-05-27 15:14:15', '2023-05-27 15:14:15'),(28, 'Tỉnh Hà Tĩnh', '2023-05-27 15:14:15', '2023-05-27 15:14:15'),(29, 'Tỉnh Quảng Bình', '2023-05-27 15:14:15', '2023-05-27 15:14:15'),(30, 'Tỉnh Quảng Trị', '2023-05-27 15:14:15', '2023-05-27 15:14:15'),(31, 'Tỉnh Thừa Thiên Huế', '2023-05-27 15:14:15', '2023-05-27 15:14:15'),(32, 'Thành phố Đà Nẵng', '2023-05-27 15:14:15', '2023-05-27 15:14:15'),(33, 'Tỉnh Quảng Nam', '2023-05-27 15:14:15', '2023-05-27 15:14:15'),(34, 'Tỉnh Quảng Ngãi', '2023-05-27 15:14:15', '2023-05-27 15:14:15'),(35, 'Tỉnh Bình Định', '2023-05-27 15:14:15', '2023-05-27 15:14:15'),(36, 'Tỉnh Phú Yên', '2023-05-27 15:14:15', '2023-05-27 15:14:15'),(37, 'Tỉnh Khánh Hòa', '2023-05-27 15:14:15', '2023-05-27 15:14:15'),(38, 'Tỉnh Ninh Thuận', '2023-05-27 15:14:15', '2023-05-27 15:14:15'),(39, 'Tỉnh Bình Thuận', '2023-05-27 15:14:15', '2023-05-27 15:14:15'),(40, 'Tỉnh Kon Tum', '2023-05-27 15:14:15', '2023-05-27 15:14:15'),(41, 'Tỉnh Gia Lai', '2023-05-27 15:14:15', '2023-05-27 15:14:15'),(42, 'Tỉnh Đắk Lắk', '2023-05-27 15:14:15', '2023-05-27 15:14:15'),(43, 'Tỉnh Đắk Nông', '2023-05-27 15:14:15', '2023-05-27 15:14:15'),(44, 'Tỉnh Lâm Đồng', '2023-05-27 15:14:15', '2023-05-27 15:14:15'),(45, 'Tỉnh Bình Phước', '2023-05-27 15:14:15', '2023-05-27 15:14:15'),(46, 'Tỉnh Tây Ninh', '2023-05-27 15:14:15', '2023-05-27 15:14:15'),(47, 'Tỉnh Bình Dương', '2023-05-27 15:14:15', '2023-05-27 15:14:15'),(48, 'Tỉnh Đồng Nai', '2023-05-27 15:14:15', '2023-05-27 15:14:15'),(49, 'Tỉnh Bà Rịa - Vũng Tàu', '2023-05-27 15:14:15', '2023-05-27 15:14:15'),(50, 'Thành phố Hồ Chí Minh', '2023-05-27 15:14:15', '2023-05-27 15:14:15'),(51, 'Tỉnh Long An', '2023-05-27 15:14:15', '2023-05-27 15:14:15'),(52, 'Tỉnh Tiền Giang', '2023-05-27 15:14:15', '2023-05-27 15:14:15'),(53, 'Tỉnh Bến Tre', '2023-05-27 15:14:15', '2023-05-27 15:14:15'),(54, 'Tỉnh Trà Vinh', '2023-05-27 15:14:15', '2023-05-27 15:14:15'),(55, 'Tỉnh Vĩnh Long', '2023-05-27 15:14:15', '2023-05-27 15:14:15'),(56, 'Tỉnh Đồng Tháp', '2023-05-27 15:14:15', '2023-05-27 15:14:15'),(57, 'Tỉnh An Giang', '2023-05-27 15:14:15', '2023-05-27 15:14:15'),(58, 'Tỉnh Kiên Giang', '2023-05-27 15:14:15', '2023-05-27 15:14:15'),(59, 'Thành phố Cần Thơ', '2023-05-27 15:14:15', '2023-05-27 15:14:15'),(60, 'Tỉnh Hậu Giang', '2023-05-27 15:14:15', '2023-05-27 15:14:15'),(61, 'Tỉnh Sóc Trăng', '2023-05-27 15:14:15', '2023-05-27 15:14:15'),(62, 'Tỉnh Bạc Liêu', '2023-05-27 15:14:15', '2023-05-27 15:14:15'),(63, 'Tỉnh Cà Mau', '2023-05-27 15:14:15', '2023-05-27 15:14:15');
UNLOCK TABLES;
COMMIT;
BEGIN;
LOCK TABLES `companies` WRITE;
DELETE FROM `companies`;
INSERT INTO `companies` (`id`,`avatar`,`name`,`email`,`address`,`url`,`phone`,`introduce`,`size`,`created_at`,`updated_at`) VALUES (1, 'companies/fpt-logo.png', 'FPT Software', 'fpt@example.com', '123 Main St', 'https://www.fpt-software.com/', '123-456-7890', 'Hello', '2000+ nhân viên', '2023-05-27 15:14:15', '2023-05-27 15:14:15'),(2, 'companies/nvg-logo.png', 'mgm technology', 'mgm@example.com', '7835 Lueilwitz Common\nSouth Virgie, SC 20497-1877', 'https://mgmtp.hire.trakstar.com/', '+14635405103', 'Introduction', '2000+ nhân viên', '2023-05-27 15:14:15', '2023-05-27 15:14:15'),(3, 'companies/alipay-logo.png', 'ALIPAY Software', 'bertrand91@schaden.com', '12741 Madelyn Street\nNorth Janiceview, MS 32761-4414', 'https://www.alipay.com/', '+15512617532', 'Introduction', '2000+ nhân viên', '2023-05-27 15:14:15', '2023-05-27 15:14:15'),(4, 'companies/luxoft-vietnam-logo.png', 'Luxoft Software', 'fharvey@lowe.info', '8981 Madie Alley\nThielmouth, AZ 78254-8071', 'https://www.luxoft.com', '+16787640745', 'Introduction', '2000+ nhân viên', '2023-05-27 15:14:15', '2023-05-27 15:14:15'),(5, 'companies/techcombank-logo.png', 'Techcombank', 'velva.bernhard@goldner.biz', '952 Easton Centers\nSouth Madie, VT 38291-3496', 'https://techcombank.com', '+13522263901', 'Introduction', '2000+ nhân viên', '2023-05-27 15:14:15', '2023-05-27 15:14:15'),(6, 'companies/home-credit.png', 'Home Credit', 'rico59@bradtke.com', '3782 Clarabelle Rapids Apt. 490\nKolbystad, HI 03920', 'https://www.homecredit.vn/', '+18705937542', 'Introduction', '2000+ nhân viên', '2023-05-27 15:14:15', '2023-05-27 15:14:15'),(7, 'companies/grab-vietnam.png', 'Grab (Vietnam) Ltd.', 'luciano.mitchell@legros.org', '909 Adrianna Avenue Suite 413\nMcLaughlinville, MI 23030', 'https://www.grab.com/', '+18288322999', 'Introduction', '2000+ nhân viên', '2023-05-27 15:14:15', '2023-05-27 15:14:15'),(8, 'companies/HINH.png', 'Techbase Vietnam', 'prunolfsdottir@botsford.com', '69139 Liza Lock\nLake Cristina, ME 56890', 'https://www.techbasevn.com/', '+14328804868', 'Introduction', '2000+ nhân viên', '2023-05-27 15:14:15', '2023-05-27 15:14:15');
UNLOCK TABLES;
COMMIT;
BEGIN;
LOCK TABLES `followings` WRITE;
DELETE FROM `followings`;
UNLOCK TABLES;
COMMIT;
BEGIN;
LOCK TABLES `jobs` WRITE;
DELETE FROM `jobs`;
INSERT INTO `jobs` (`id`,`title`,`level`,`salary_start`,`salary_end`,`experience`,`languages`,`gender`,`content`,`state`,`size`,`date_end`,`count`,`city_id`,`company_id`,`created_at`,`updated_at`) VALUES (1, 'Frontend Developer (JavaScript, ReactJS)', 'Nhân viên', '1000', '3000', '1 năm', '[1,2,3,4,5,6,7,8]', 'Nam', 'MÔ TẢ CÔNG VIỆC', 1, NULL, '2023-05-27', 2275, 40, 3, '2023-05-27 15:14:16', '2023-05-27 15:14:16'),(2, '[HN] 02 Solution Architects–Up to $2000', 'Nhân viên', '1000', '3000', '1 năm', '[1,2,3,6,7,8]', 'Nam', 'MÔ TẢ CÔNG VIỆC', 1, NULL, '2023-05-27', 730, 3, 2, '2023-05-27 15:14:16', '2023-05-27 15:14:16'),(3, 'Fullstack .NET Developer (Angular/React)', 'Nhân viên', '1000', '5000', '1 năm', '[2,4]', 'Nam', 'MÔ TẢ CÔNG VIỆC', 1, NULL, '2023-06-09', 304, 56, 2, '2023-05-27 15:14:16', '2023-05-27 15:14:16'),(4, 'Frontend Developer (JavaScript, ReactJS)', 'Nhân viên', '2000', '3000', '1 năm', '[4,5,6]', 'Nam', 'MÔ TẢ CÔNG VIỆC', 1, NULL, '2023-06-13', 1020, 25, 3, '2023-05-27 15:14:16', '2023-05-27 15:14:16'),(5, 'Frontend Developer (JavaScript, ReactJS)', 'Nhân viên', '1000', '5000', '1 năm', '[2,3,4,6,7,8]', 'Nam', 'MÔ TẢ CÔNG VIỆC', 1, NULL, '2023-05-27', 9812, 40, 1, '2023-05-27 15:14:16', '2023-05-27 15:14:16'),(6, 'Fullstack .NET Developer (Angular/React)', 'Nhân viên', '2000', '3000', '1 năm', '[2,8]', 'Nam', 'MÔ TẢ CÔNG VIỆC', 1, NULL, '2023-06-09', 5008, 34, 2, '2023-05-27 15:14:16', '2023-05-27 15:14:16'),(7, 'Fullstack .NET Developer (Angular/React)', 'Nhân viên', '1000', '5000', '1 năm', '[1,2,3,4,5,7,8]', 'Nam', 'MÔ TẢ CÔNG VIỆC', 1, NULL, '2023-06-13', 9027, 29, 2, '2023-05-27 15:14:16', '2023-05-27 15:14:16'),(8, 'Frontend Developer (JavaScript, ReactJS)', 'Nhân viên', '2000', '3000', '1 năm', '[3,4,5]', 'Nam', 'MÔ TẢ CÔNG VIỆC', 1, NULL, '2023-05-27', 5673, 20, 1, '2023-05-27 15:14:16', '2023-05-27 15:14:16'),(9, '[HN] 02 Solution Architects–Up to $2000', 'Nhân viên', '1000', '5000', '1 năm', '[3,4,5,6]', 'Nam', 'MÔ TẢ CÔNG VIỆC', 1, NULL, '2023-06-09', 5530, 51, 1, '2023-05-27 15:14:16', '2023-05-27 15:14:16'),(10, '[HN] 02 Solution Architects–Up to $2000', 'Nhân viên', '2000', '5000', '1 năm', '[2,3,4,6,7,8]', 'Nam', 'MÔ TẢ CÔNG VIỆC', 1, NULL, '2023-06-09', 2835, 11, 3, '2023-05-27 15:14:16', '2023-05-27 15:14:16'),(11, '[HN] 02 Solution Architects–Up to $2000', 'Nhân viên', '1000', '3000', '1 năm', '[2,3,6,8]', 'Nam', 'MÔ TẢ CÔNG VIỆC', 1, NULL, '2023-06-13', 1778, 13, 2, '2023-05-27 15:14:16', '2023-05-27 15:14:16'),(12, 'Frontend Developer (JavaScript, ReactJS)', 'Nhân viên', '2000', '3000', '1 năm', '[1,2,4,5,6,7,8]', 'Nam', 'MÔ TẢ CÔNG VIỆC', 1, NULL, '2023-05-27', 1573, 33, 3, '2023-05-27 15:14:16', '2023-05-27 15:14:16'),(13, 'Fullstack .NET Developer (Angular/React)', 'Nhân viên', '1000', '5000', '1 năm', '[1,3,4,5,6,8]', 'Nam', 'MÔ TẢ CÔNG VIỆC', 1, NULL, '2023-06-09', 7162, 37, 2, '2023-05-27 15:14:16', '2023-05-27 15:14:16'),(14, 'Frontend Developer (JavaScript, ReactJS)', 'Nhân viên', '2000', '5000', '1 năm', '[5,7]', 'Nam', 'MÔ TẢ CÔNG VIỆC', 1, NULL, '2023-06-13', 6776, 20, 1, '2023-05-27 15:14:16', '2023-05-27 15:14:16'),(15, 'Frontend Developer (JavaScript, ReactJS)', 'Nhân viên', '2000', '3000', '1 năm', '[1,4,5,6,7,8]', 'Nam', 'MÔ TẢ CÔNG VIỆC', 1, NULL, '2023-06-09', 3010, 21, 3, '2023-05-27 15:14:16', '2023-05-27 15:14:16'),(16, '[HN] 02 Solution Architects–Up to $2000', 'Nhân viên', '2000', '3000', '1 năm', '[1,2,3,5,6,8]', 'Nam', 'MÔ TẢ CÔNG VIỆC', 1, NULL, '2023-06-13', 1783, 60, 3, '2023-05-27 15:14:16', '2023-05-27 15:14:16'),(17, '[HN] 02 Solution Architects–Up to $2000', 'Nhân viên', '1000', '5000', '1 năm', '[1,2,5,6,7,8]', 'Nam', 'MÔ TẢ CÔNG VIỆC', 1, NULL, '2023-05-27', 197, 41, 1, '2023-05-27 15:14:16', '2023-05-27 15:14:16'),(18, 'Frontend Developer (JavaScript, ReactJS)', 'Nhân viên', '2000', '3000', '1 năm', '[2,3,8]', 'Nam', 'MÔ TẢ CÔNG VIỆC', 1, NULL, '2023-06-09', 5347, 5, 1, '2023-05-27 15:14:16', '2023-05-27 15:14:16'),(19, 'Frontend Developer (JavaScript, ReactJS)', 'Nhân viên', '2000', '3000', '1 năm', '[2,4,5,7]', 'Nam', 'MÔ TẢ CÔNG VIỆC', 1, NULL, '2023-06-13', 1411, 47, 2, '2023-05-27 15:14:16', '2023-05-27 15:14:16'),(20, 'Frontend Developer (JavaScript, ReactJS)', 'Nhân viên', '1000', '5000', '1 năm', '[1,5,8]', 'Nam', 'MÔ TẢ CÔNG VIỆC', 1, NULL, '2023-06-09', 2160, 41, 1, '2023-05-27 15:14:16', '2023-05-27 15:14:16'),(21, '[HN] 02 Solution Architects–Up to $2000', 'Nhân viên', '2000', '5000', '1 năm', '[1,2,3,4,5,6,8]', 'Nam', 'MÔ TẢ CÔNG VIỆC', 1, NULL, '2023-06-09', 6780, 62, 1, '2023-05-27 15:14:16', '2023-05-27 15:14:16'),(22, '[HN] 02 Solution Architects–Up to $2000', 'Nhân viên', '2000', '5000', '1 năm', '[1,3,4,6,7]', 'Nam', 'MÔ TẢ CÔNG VIỆC', 1, NULL, '2023-06-13', 2446, 10, 3, '2023-05-27 15:14:16', '2023-05-27 15:14:16'),(23, '[HN] 02 Solution Architects–Up to $2000', 'Nhân viên', '2000', '5000', '1 năm', '[1,2,3,5,6,7,8]', 'Nam', 'MÔ TẢ CÔNG VIỆC', 1, NULL, '2023-06-13', 8383, 29, 3, '2023-05-27 15:14:16', '2023-05-27 15:14:16'),(24, 'Fullstack .NET Developer (Angular/React)', 'Nhân viên', '2000', '5000', '1 năm', '[2,4,5,6,8]', 'Nam', 'MÔ TẢ CÔNG VIỆC', 1, NULL, '2023-06-09', 5286, 60, 3, '2023-05-27 15:14:16', '2023-05-27 15:14:16'),(25, 'Fullstack .NET Developer (Angular/React)', 'Nhân viên', '2000', '3000', '1 năm', '[6,8]', 'Nam', 'MÔ TẢ CÔNG VIỆC', 1, NULL, '2023-06-13', 2107, 33, 1, '2023-05-27 15:14:16', '2023-05-27 15:14:16'),(26, '[HN] 02 Solution Architects–Up to $2000', 'Nhân viên', '2000', '5000', '1 năm', '[1,2,3,4,5,7,8]', 'Nam', 'MÔ TẢ CÔNG VIỆC', 1, NULL, '2023-05-27', 2065, 7, 2, '2023-05-27 15:14:16', '2023-05-27 15:14:16'),(27, 'Fullstack .NET Developer (Angular/React)', 'Nhân viên', '1000', '5000', '1 năm', '[5,7]', 'Nam', 'MÔ TẢ CÔNG VIỆC', 1, NULL, '2023-06-13', 32, 14, 1, '2023-05-27 15:14:16', '2023-05-27 15:14:16'),(28, 'Frontend Developer (JavaScript, ReactJS)', 'Nhân viên', '2000', '5000', '1 năm', '[1,2,3,6,7,8]', 'Nam', 'MÔ TẢ CÔNG VIỆC', 1, NULL, '2023-06-09', 5108, 14, 3, '2023-05-27 15:14:16', '2023-05-27 15:14:16'),(29, '[HN] 02 Solution Architects–Up to $2000', 'Nhân viên', '2000', '5000', '1 năm', '[1,2,4,7]', 'Nam', 'MÔ TẢ CÔNG VIỆC', 1, NULL, '2023-06-13', 4736, 31, 2, '2023-05-27 15:14:16', '2023-05-27 15:14:16'),(30, 'Frontend Developer (JavaScript, ReactJS)', 'Nhân viên', '1000', '5000', '1 năm', '[1,2,3,4,5,6,7,8]', 'Nam', 'MÔ TẢ CÔNG VIỆC', 1, NULL, '2023-06-09', 8809, 25, 1, '2023-05-27 15:14:16', '2023-05-27 15:14:16'),(31, 'Frontend Developer (JavaScript, ReactJS)', 'Nhân viên', '2000', '3000', '1 năm', '[1,2,3,4,6,8]', 'Nam', 'MÔ TẢ CÔNG VIỆC', 1, NULL, '2023-06-13', 3212, 61, 1, '2023-05-27 15:14:16', '2023-05-27 15:14:16'),(32, '[HN] 02 Solution Architects–Up to $2000', 'Nhân viên', '2000', '5000', '1 năm', '[1,3,4,5,8]', 'Nam', 'MÔ TẢ CÔNG VIỆC', 1, NULL, '2023-06-09', 3029, 54, 3, '2023-05-27 15:14:16', '2023-05-27 15:14:16'),(33, '[HN] 02 Solution Architects–Up to $2000', 'Nhân viên', '1000', '3000', '1 năm', '[1,2,4,5,6,7,8]', 'Nam', 'MÔ TẢ CÔNG VIỆC', 1, NULL, '2023-05-27', 1379, 48, 3, '2023-05-27 15:14:16', '2023-05-27 15:14:16'),(34, 'Fullstack .NET Developer (Angular/React)', 'Nhân viên', '2000', '3000', '1 năm', '[2,6]', 'Nam', 'MÔ TẢ CÔNG VIỆC', 1, NULL, '2023-06-13', 4318, 19, 2, '2023-05-27 15:14:16', '2023-05-27 15:14:16'),(35, 'Fullstack .NET Developer (Angular/React)', 'Nhân viên', '2000', '3000', '1 năm', '[1,3,4,5,6,7,8]', 'Nam', 'MÔ TẢ CÔNG VIỆC', 1, NULL, '2023-06-13', 8111, 53, 1, '2023-05-27 15:14:16', '2023-05-27 15:14:16'),(36, 'Fullstack .NET Developer (Angular/React)', 'Nhân viên', '2000', '5000', '1 năm', '[1,2,3,4,5,6,7,8]', 'Nam', 'MÔ TẢ CÔNG VIỆC', 1, NULL, '2023-05-27', 609, 9, 1, '2023-05-27 15:14:16', '2023-05-27 15:14:16'),(37, 'Fullstack .NET Developer (Angular/React)', 'Nhân viên', '2000', '3000', '1 năm', '[1,2,3,4,5,6,7,8]', 'Nam', 'MÔ TẢ CÔNG VIỆC', 1, NULL, '2023-06-13', 3985, 15, 1, '2023-05-27 15:14:16', '2023-05-27 15:14:16'),(38, '[HN] 02 Solution Architects–Up to $2000', 'Nhân viên', '2000', '5000', '1 năm', '[1,2,3,4,5,6,7,8]', 'Nam', 'MÔ TẢ CÔNG VIỆC', 1, NULL, '2023-06-13', 1572, 2, 2, '2023-05-27 15:14:16', '2023-05-27 15:14:16'),(39, 'Fullstack .NET Developer (Angular/React)', 'Nhân viên', '2000', '5000', '1 năm', '[3,4,5,6,7,8]', 'Nam', 'MÔ TẢ CÔNG VIỆC', 1, NULL, '2023-06-09', 5862, 41, 1, '2023-05-27 15:14:16', '2023-05-27 15:14:16'),(40, 'Fullstack .NET Developer (Angular/React)', 'Nhân viên', '2000', '5000', '1 năm', '[3,8]', 'Nam', 'MÔ TẢ CÔNG VIỆC', 1, NULL, '2023-06-13', 6213, 57, 3, '2023-05-27 15:14:16', '2023-05-27 15:14:16'),(41, '[HN] 02 Solution Architects–Up to $2000', 'Nhân viên', '2000', '5000', '1 năm', '[1,2,3,5,6,8]', 'Nam', 'MÔ TẢ CÔNG VIỆC', 1, NULL, '2023-05-27', 8391, 32, 3, '2023-05-27 15:14:16', '2023-05-27 15:14:16'),(42, '[HN] 02 Solution Architects–Up to $2000', 'Nhân viên', '1000', '5000', '1 năm', '[2,3,4,5,7,8]', 'Nam', 'MÔ TẢ CÔNG VIỆC', 1, NULL, '2023-06-13', 6732, 15, 1, '2023-05-27 15:14:16', '2023-05-27 15:14:16'),(43, '[HN] 02 Solution Architects–Up to $2000', 'Nhân viên', '2000', '3000', '1 năm', '[3,7,8]', 'Nam', 'MÔ TẢ CÔNG VIỆC', 1, NULL, '2023-06-09', 3464, 60, 2, '2023-05-27 15:14:16', '2023-05-27 15:14:16'),(44, '[HN] 02 Solution Architects–Up to $2000', 'Nhân viên', '2000', '3000', '1 năm', '[2,4,5,7,8]', 'Nam', 'MÔ TẢ CÔNG VIỆC', 1, NULL, '2023-05-27', 3075, 14, 1, '2023-05-27 15:14:16', '2023-05-27 15:14:16'),(45, 'Fullstack .NET Developer (Angular/React)', 'Nhân viên', '1000', '3000', '1 năm', '[1,2,4,5,6,7]', 'Nam', 'MÔ TẢ CÔNG VIỆC', 1, NULL, '2023-06-09', 4470, 14, 1, '2023-05-27 15:14:16', '2023-05-27 15:14:16'),(46, '[HN] 02 Solution Architects–Up to $2000', 'Nhân viên', '2000', '3000', '1 năm', '[3,7,8]', 'Nam', 'MÔ TẢ CÔNG VIỆC', 1, NULL, '2023-06-13', 8530, 17, 3, '2023-05-27 15:14:16', '2023-05-27 15:14:16'),(47, 'Frontend Developer (JavaScript, ReactJS)', 'Nhân viên', '1000', '3000', '1 năm', '[1,2,3,4,5,6,7,8]', 'Nam', 'MÔ TẢ CÔNG VIỆC', 1, NULL, '2023-05-27', 3362, 45, 2, '2023-05-27 15:14:16', '2023-05-27 15:14:16'),(48, '[HN] 02 Solution Architects–Up to $2000', 'Nhân viên', '2000', '3000', '1 năm', '[2,6,7]', 'Nam', 'MÔ TẢ CÔNG VIỆC', 1, NULL, '2023-06-09', 1853, 38, 1, '2023-05-27 15:14:16', '2023-05-27 15:14:16'),(49, 'Fullstack .NET Developer (Angular/React)', 'Nhân viên', '2000', '3000', '1 năm', '[2,3,5,6,7,8]', 'Nam', 'MÔ TẢ CÔNG VIỆC', 1, NULL, '2023-05-27', 2576, 8, 1, '2023-05-27 15:14:16', '2023-05-27 15:14:16'),(50, 'Fullstack .NET Developer (Angular/React)', 'Nhân viên', '2000', '5000', '1 năm', '[1,4,6]', 'Nam', 'MÔ TẢ CÔNG VIỆC', 1, NULL, '2023-06-09', 3969, 22, 3, '2023-05-27 15:14:16', '2023-05-27 15:14:16'),(51, 'Fullstack .NET Developer (Angular/React)', 'Nhân viên', '2000', '3000', '1 năm', '[3,6]', 'Nam', 'MÔ TẢ CÔNG VIỆC', 1, NULL, '2023-06-09', 7701, 45, 1, '2023-05-27 15:14:16', '2023-05-27 15:14:16'),(52, 'Fullstack .NET Developer (Angular/React)', 'Nhân viên', '1000', '5000', '1 năm', '[1,2,3,5,7]', 'Nam', 'MÔ TẢ CÔNG VIỆC', 1, NULL, '2023-06-09', 5627, 59, 2, '2023-05-27 15:14:16', '2023-05-27 15:14:16'),(53, 'Frontend Developer (JavaScript, ReactJS)', 'Nhân viên', '1000', '5000', '1 năm', '[1,2,3,4,6,7,8]', 'Nam', 'MÔ TẢ CÔNG VIỆC', 1, NULL, '2023-06-13', 7390, 18, 2, '2023-05-27 15:14:16', '2023-05-27 15:14:16'),(54, 'Fullstack .NET Developer (Angular/React)', 'Nhân viên', '2000', '5000', '1 năm', '[1,2,3,4,5,6,7,8]', 'Nam', 'MÔ TẢ CÔNG VIỆC', 1, NULL, '2023-05-27', 595, 43, 3, '2023-05-27 15:14:16', '2023-05-27 15:14:16'),(55, '[HN] 02 Solution Architects–Up to $2000', 'Nhân viên', '2000', '3000', '1 năm', '[1,3,5,6,7,8]', 'Nam', 'MÔ TẢ CÔNG VIỆC', 1, NULL, '2023-05-27', 2436, 24, 2, '2023-05-27 15:14:16', '2023-05-27 15:14:16'),(56, 'Fullstack .NET Developer (Angular/React)', 'Nhân viên', '2000', '5000', '1 năm', '[1,2,3,4,5,6,8]', 'Nam', 'MÔ TẢ CÔNG VIỆC', 1, NULL, '2023-06-13', 2787, 31, 1, '2023-05-27 15:14:16', '2023-05-27 15:14:16'),(57, '[HN] 02 Solution Architects–Up to $2000', 'Nhân viên', '1000', '5000', '1 năm', '[1,2,3,4,5,6,7,8]', 'Nam', 'MÔ TẢ CÔNG VIỆC', 1, NULL, '2023-06-09', 1413, 8, 2, '2023-05-27 15:14:16', '2023-05-27 15:14:16'),(58, 'Frontend Developer (JavaScript, ReactJS)', 'Nhân viên', '2000', '3000', '1 năm', '[1,2,3,5,7,8]', 'Nam', 'MÔ TẢ CÔNG VIỆC', 1, NULL, '2023-05-27', 4667, 24, 2, '2023-05-27 15:14:16', '2023-05-27 15:14:16'),(59, 'Fullstack .NET Developer (Angular/React)', 'Nhân viên', '2000', '3000', '1 năm', '[1,2,4,5,6,7]', 'Nam', 'MÔ TẢ CÔNG VIỆC', 1, NULL, '2023-06-13', 5945, 42, 1, '2023-05-27 15:14:16', '2023-05-27 15:14:16'),(60, 'Fullstack .NET Developer (Angular/React)', 'Nhân viên', '1000', '3000', '1 năm', '[2,3]', 'Nam', 'MÔ TẢ CÔNG VIỆC', 1, NULL, '2023-06-13', 9697, 15, 3, '2023-05-27 15:14:16', '2023-05-27 15:14:16'),(61, 'Frontend Developer (JavaScript, ReactJS)', 'Nhân viên', '2000', '5000', '1 năm', '[1,2,3,4,5,6,7,8]', 'Nam', 'MÔ TẢ CÔNG VIỆC', 1, NULL, '2023-05-27', 1163, 52, 3, '2023-05-27 15:14:16', '2023-05-27 15:14:16'),(62, '[HN] 02 Solution Architects–Up to $2000', 'Nhân viên', '2000', '5000', '1 năm', '[2,3,4,8]', 'Nam', 'MÔ TẢ CÔNG VIỆC', 1, NULL, '2023-06-09', 7997, 57, 2, '2023-05-27 15:14:16', '2023-05-27 15:14:16'),(63, '[HN] 02 Solution Architects–Up to $2000', 'Nhân viên', '2000', '3000', '1 năm', '[1,2,3,4,5,6,7]', 'Nam', 'MÔ TẢ CÔNG VIỆC', 1, NULL, '2023-06-13', 5058, 7, 2, '2023-05-27 15:14:16', '2023-05-27 15:14:16'),(64, '[HN] 02 Solution Architects–Up to $2000', 'Nhân viên', '2000', '3000', '1 năm', '[1,2,4,5]', 'Nam', 'MÔ TẢ CÔNG VIỆC', 1, NULL, '2023-06-09', 2299, 14, 1, '2023-05-27 15:14:16', '2023-05-27 15:14:16'),(65, 'Fullstack .NET Developer (Angular/React)', 'Nhân viên', '1000', '3000', '1 năm', '[1,2,4,5,6,7,8]', 'Nam', 'MÔ TẢ CÔNG VIỆC', 1, NULL, '2023-06-09', 3581, 39, 2, '2023-05-27 15:14:16', '2023-05-27 15:14:16'),(66, 'Frontend Developer (JavaScript, ReactJS)', 'Nhân viên', '2000', '5000', '1 năm', '[1,2,3,4,5,7,8]', 'Nam', 'MÔ TẢ CÔNG VIỆC', 1, NULL, '2023-05-27', 2824, 11, 3, '2023-05-27 15:14:16', '2023-05-27 15:14:16'),(67, 'Fullstack .NET Developer (Angular/React)', 'Nhân viên', '2000', '5000', '1 năm', '[1,2,3,5,6,7,8]', 'Nam', 'MÔ TẢ CÔNG VIỆC', 1, NULL, '2023-06-13', 4114, 23, 1, '2023-05-27 15:14:16', '2023-05-27 15:14:16'),(68, 'Frontend Developer (JavaScript, ReactJS)', 'Nhân viên', '1000', '5000', '1 năm', '[2,5,8]', 'Nam', 'MÔ TẢ CÔNG VIỆC', 1, NULL, '2023-06-09', 7226, 37, 2, '2023-05-27 15:14:16', '2023-05-27 15:14:16'),(69, 'Frontend Developer (JavaScript, ReactJS)', 'Nhân viên', '2000', '5000', '1 năm', '[1,2,3,4,5,6,7,8]', 'Nam', 'MÔ TẢ CÔNG VIỆC', 1, NULL, '2023-06-09', 7559, 54, 2, '2023-05-27 15:14:16', '2023-05-27 15:14:16'),(70, '[HN] 02 Solution Architects–Up to $2000', 'Nhân viên', '1000', '5000', '1 năm', '[3,4,7,8]', 'Nam', 'MÔ TẢ CÔNG VIỆC', 1, NULL, '2023-06-13', 3830, 11, 3, '2023-05-27 15:14:16', '2023-05-27 15:14:16'),(71, '[HN] 02 Solution Architects–Up to $2000', 'Nhân viên', '1000', '5000', '1 năm', '[2,3,4,5,6,7,8]', 'Nam', 'MÔ TẢ CÔNG VIỆC', 1, NULL, '2023-06-09', 8673, 11, 2, '2023-05-27 15:14:16', '2023-05-27 15:14:16'),(72, '[HN] 02 Solution Architects–Up to $2000', 'Nhân viên', '1000', '3000', '1 năm', '[1,2,3,4,5,6,7]', 'Nam', 'MÔ TẢ CÔNG VIỆC', 1, NULL, '2023-05-27', 7201, 57, 1, '2023-05-27 15:14:16', '2023-05-27 15:14:16'),(73, 'Frontend Developer (JavaScript, ReactJS)', 'Nhân viên', '2000', '5000', '1 năm', '[2,4]', 'Nam', 'MÔ TẢ CÔNG VIỆC', 1, NULL, '2023-05-27', 5233, 19, 1, '2023-05-27 15:14:16', '2023-05-27 15:14:16'),(74, 'Fullstack .NET Developer (Angular/React)', 'Nhân viên', '1000', '5000', '1 năm', '[2,4,6,7,8]', 'Nam', 'MÔ TẢ CÔNG VIỆC', 1, NULL, '2023-06-13', 7191, 47, 2, '2023-05-27 15:14:16', '2023-05-27 15:14:16'),(75, 'Fullstack .NET Developer (Angular/React)', 'Nhân viên', '2000', '5000', '1 năm', '[3,6]', 'Nam', 'MÔ TẢ CÔNG VIỆC', 1, NULL, '2023-05-27', 8388, 6, 3, '2023-05-27 15:14:16', '2023-05-27 15:14:16'),(76, '[HN] 02 Solution Architects–Up to $2000', 'Nhân viên', '1000', '3000', '1 năm', '[1,4,5,8]', 'Nam', 'MÔ TẢ CÔNG VIỆC', 1, NULL, '2023-05-27', 2335, 30, 3, '2023-05-27 15:14:16', '2023-05-27 15:14:16'),(77, 'Frontend Developer (JavaScript, ReactJS)', 'Nhân viên', '1000', '3000', '1 năm', '[2,3,4,5,7,8]', 'Nam', 'MÔ TẢ CÔNG VIỆC', 1, NULL, '2023-06-09', 5941, 37, 1, '2023-05-27 15:14:16', '2023-05-27 15:14:16'),(78, 'Fullstack .NET Developer (Angular/React)', 'Nhân viên', '2000', '5000', '1 năm', '[1,2,3,5,6,7,8]', 'Nam', 'MÔ TẢ CÔNG VIỆC', 1, NULL, '2023-05-27', 9134, 14, 1, '2023-05-27 15:14:16', '2023-05-27 15:14:16'),(79, 'Fullstack .NET Developer (Angular/React)', 'Nhân viên', '1000', '3000', '1 năm', '[1,2,5,6]', 'Nam', 'MÔ TẢ CÔNG VIỆC', 1, NULL, '2023-06-13', 9014, 50, 1, '2023-05-27 15:14:16', '2023-05-27 15:14:16'),(80, 'Frontend Developer (JavaScript, ReactJS)', 'Nhân viên', '1000', '5000', '1 năm', '[1,2,3,4,5,7,8]', 'Nam', 'MÔ TẢ CÔNG VIỆC', 1, NULL, '2023-06-09', 109, 14, 1, '2023-05-27 15:14:16', '2023-05-27 15:14:16'),(81, 'Fullstack .NET Developer (Angular/React)', 'Nhân viên', '1000', '5000', '1 năm', '[1,3,5,7]', 'Nam', 'MÔ TẢ CÔNG VIỆC', 1, NULL, '2023-06-09', 1899, 27, 1, '2023-05-27 15:14:16', '2023-05-27 15:14:16'),(82, 'Fullstack .NET Developer (Angular/React)', 'Nhân viên', '2000', '3000', '1 năm', '[1,2,4,5,6,7,8]', 'Nam', 'MÔ TẢ CÔNG VIỆC', 1, NULL, '2023-05-27', 3533, 7, 1, '2023-05-27 15:14:16', '2023-05-27 15:14:16'),(83, '[HN] 02 Solution Architects–Up to $2000', 'Nhân viên', '1000', '5000', '1 năm', '[1,2,3,4,5,6,7,8]', 'Nam', 'MÔ TẢ CÔNG VIỆC', 1, NULL, '2023-06-13', 5717, 2, 2, '2023-05-27 15:14:16', '2023-05-27 15:14:16'),(84, '[HN] 02 Solution Architects–Up to $2000', 'Nhân viên', '1000', '5000', '1 năm', '[1,2,3,5,6,7,8]', 'Nam', 'MÔ TẢ CÔNG VIỆC', 1, NULL, '2023-06-09', 2875, 55, 1, '2023-05-27 15:14:16', '2023-05-27 15:14:16'),(85, 'Frontend Developer (JavaScript, ReactJS)', 'Nhân viên', '2000', '5000', '1 năm', '[1,3,4,5,6,7,8]', 'Nam', 'MÔ TẢ CÔNG VIỆC', 1, NULL, '2023-05-27', 8101, 54, 2, '2023-05-27 15:14:16', '2023-05-27 15:14:16'),(86, '[HN] 02 Solution Architects–Up to $2000', 'Nhân viên', '1000', '5000', '1 năm', '[2,4,5,6,8]', 'Nam', 'MÔ TẢ CÔNG VIỆC', 1, NULL, '2023-05-27', 4693, 2, 2, '2023-05-27 15:14:16', '2023-05-27 15:14:16'),(87, 'Frontend Developer (JavaScript, ReactJS)', 'Nhân viên', '2000', '3000', '1 năm', '[1,5,7]', 'Nam', 'MÔ TẢ CÔNG VIỆC', 1, NULL, '2023-06-13', 2745, 32, 2, '2023-05-27 15:14:16', '2023-05-27 15:14:16'),(88, 'Fullstack .NET Developer (Angular/React)', 'Nhân viên', '1000', '3000', '1 năm', '[1,3,4,5,7,8]', 'Nam', 'MÔ TẢ CÔNG VIỆC', 1, NULL, '2023-06-09', 808, 40, 3, '2023-05-27 15:14:16', '2023-05-27 15:14:16'),(89, 'Frontend Developer (JavaScript, ReactJS)', 'Nhân viên', '2000', '3000', '1 năm', '[1,2,5,6,7,8]', 'Nam', 'MÔ TẢ CÔNG VIỆC', 1, NULL, '2023-06-09', 773, 13, 2, '2023-05-27 15:14:16', '2023-05-27 15:14:16'),(90, '[HN] 02 Solution Architects–Up to $2000', 'Nhân viên', '1000', '5000', '1 năm', '[1,3,4,5,6,8]', 'Nam', 'MÔ TẢ CÔNG VIỆC', 1, NULL, '2023-05-27', 7826, 51, 1, '2023-05-27 15:14:16', '2023-05-27 15:14:16'),(91, '[HN] 02 Solution Architects–Up to $2000', 'Nhân viên', '1000', '5000', '1 năm', '[3,4,5,7,8]', 'Nam', 'MÔ TẢ CÔNG VIỆC', 1, NULL, '2023-06-13', 4035, 50, 1, '2023-05-27 15:14:16', '2023-05-27 15:14:16'),(92, 'Frontend Developer (JavaScript, ReactJS)', 'Nhân viên', '1000', '3000', '1 năm', '[1,2,3,4,6,8]', 'Nam', 'MÔ TẢ CÔNG VIỆC', 1, NULL, '2023-06-13', 2777, 61, 1, '2023-05-27 15:14:16', '2023-05-27 15:14:16'),(93, 'Fullstack .NET Developer (Angular/React)', 'Nhân viên', '1000', '3000', '1 năm', '[2,6,7]', 'Nam', 'MÔ TẢ CÔNG VIỆC', 1, NULL, '2023-06-13', 57, 19, 1, '2023-05-27 15:14:16', '2023-05-27 15:14:16'),(94, 'Fullstack .NET Developer (Angular/React)', 'Nhân viên', '2000', '3000', '1 năm', '[1,2,5,6,7,8]', 'Nam', 'MÔ TẢ CÔNG VIỆC', 1, NULL, '2023-06-09', 3541, 30, 2, '2023-05-27 15:14:16', '2023-05-27 15:14:16'),(95, '[HN] 02 Solution Architects–Up to $2000', 'Nhân viên', '2000', '3000', '1 năm', '[1,2,6,7,8]', 'Nam', 'MÔ TẢ CÔNG VIỆC', 1, NULL, '2023-05-27', 7063, 19, 1, '2023-05-27 15:14:16', '2023-05-27 15:14:16'),(96, 'Frontend Developer (JavaScript, ReactJS)', 'Nhân viên', '1000', '5000', '1 năm', '[1,3,4,5,6,7]', 'Nam', 'MÔ TẢ CÔNG VIỆC', 1, NULL, '2023-05-27', 7522, 35, 1, '2023-05-27 15:14:16', '2023-05-27 15:14:16'),(97, 'Frontend Developer (JavaScript, ReactJS)', 'Nhân viên', '1000', '3000', '1 năm', '[2,3,4,5,7,8]', 'Nam', 'MÔ TẢ CÔNG VIỆC', 1, NULL, '2023-05-27', 2631, 44, 3, '2023-05-27 15:14:16', '2023-05-27 15:14:16'),(98, '[HN] 02 Solution Architects–Up to $2000', 'Nhân viên', '2000', '5000', '1 năm', '[2,6]', 'Nam', 'MÔ TẢ CÔNG VIỆC', 1, NULL, '2023-05-27', 9577, 35, 3, '2023-05-27 15:14:16', '2023-05-27 15:14:16'),(99, '[HN] 02 Solution Architects–Up to $2000', 'Nhân viên', '1000', '5000', '1 năm', '[1,3,7,8]', 'Nam', 'MÔ TẢ CÔNG VIỆC', 1, NULL, '2023-06-13', 6296, 51, 3, '2023-05-27 15:14:16', '2023-05-27 15:14:16'),(100, 'Frontend Developer (JavaScript, ReactJS)', 'Nhân viên', '2000', '5000', '1 năm', '[1,6,7]', 'Nam', 'MÔ TẢ CÔNG VIỆC', 1, NULL, '2023-06-13', 5108, 16, 1, '2023-05-27 15:14:16', '2023-05-27 15:14:16');
UNLOCK TABLES;
COMMIT;
BEGIN;
LOCK TABLES `languages` WRITE;
DELETE FROM `languages`;
INSERT INTO `languages` (`id`,`name`,`created_at`,`updated_at`) VALUES (1, 'Java', '2023-05-27 15:14:16', '2023-05-27 15:14:16'),(2, 'Python', '2023-05-27 15:14:16', '2023-05-27 15:14:16'),(3, 'Tester', '2023-05-27 15:14:16', '2023-05-27 15:14:16'),(4, 'QA QC', '2023-05-27 15:14:16', '2023-05-27 15:14:16'),(5, '.NET', '2023-05-27 15:14:16', '2023-05-27 15:14:16'),(6, 'Javascript', '2023-05-27 15:14:16', '2023-05-27 15:14:16'),(7, 'Business Analyst', '2023-05-27 15:14:16', '2023-05-27 15:14:16'),(8, 'Designer', '2023-05-27 15:14:16', '2023-05-27 15:14:16');
UNLOCK TABLES;
COMMIT;
BEGIN;
LOCK TABLES `migrations` WRITE;
DELETE FROM `migrations`;
INSERT INTO `migrations` (`id`,`migration`,`batch`) VALUES (1, '2014_10_12_000000_create_users_table', 1),(2, '2019_12_14_000001_create_personal_access_tokens_table', 1),(3, '2023_05_25_060948_create_cities_table', 1),(4, '2023_05_25_061003_create_companies_table', 1),(5, '2023_05_25_061009_create_jobs_table', 1),(6, '2023_05_25_061020_create_followings_table', 1),(7, '2023_05_25_061027_create_posts_table', 1),(8, '2023_05_25_174402_create_admins_table', 1),(9, '2023_05_27_092324_create_languages_table', 1);
UNLOCK TABLES;
COMMIT;
BEGIN;
LOCK TABLES `personal_access_tokens` WRITE;
DELETE FROM `personal_access_tokens`;
UNLOCK TABLES;
COMMIT;
BEGIN;
LOCK TABLES `posts` WRITE;
DELETE FROM `posts`;
INSERT INTO `posts` (`id`,`title`,`thumb`,`description`,`content`,`category`,`slug`,`created_at`,`updated_at`) VALUES (1, 'Nhảy việc và những con số bạn cần phải lưu', '/storage/uploads/2023/05/27/news2.jpg', 'edit Description Quyền lợi nhân viên 1', 'edit Magni voluptatem tempora maxime sequi. Perferendis quam aut voluptatem est. Nihil error nam molestiae voluptates totam quas non. Nesciunt repellendus velit et alias provident rerum veritatis.', 'Hành Trang Fresher edit', 'nhay-viec-va-nhung-con-so-ban-can-phai-luu', '2023-05-27 15:14:15', '2023-05-27 15:49:59'),(2, 'Nhảy việc và những con số bạn cần phải lưu tâm 2', 'posts/news3.jpg', 'Description Nhảy việc và những con số bạn cần phải lưu tâm 2', 'Velit ipsam ratione incidunt dolore at itaque est accusantium. Voluptatem ut ex corporis qui libero.', 'Tìm Nghề Không Khó', 'nhay-viec-va-nhung-con-so-ban-can-phai-luu-tam-2', '2023-05-27 15:14:15', '2023-05-27 15:14:15'),(3, 'Huấn luyện nhân sự 3', 'posts/news2.jpg', 'Description Quyền lợi nhân viên 3', 'Quas est aspernatur commodi necessitatibus inventore. Excepturi molestiae et iure. Sint sed non molestiae veritatis minima.', 'Hành Trang Fresher', 'huan-luyen-nhan-su-3', '2023-05-27 15:14:15', '2023-05-27 15:14:15'),(4, 'Huấn luyện nhân sự 4', 'posts/news3.jpg', 'Description Quyền lợi nhân viên 4', 'Sequi ipsa aliquam assumenda. Dolores necessitatibus pariatur sint nostrum. Pariatur non quas et. Quis quis ullam et deserunt aut cumque accusamus.', 'Hành Trang Fresher', 'huan-luyen-nhan-su-4', '2023-05-27 15:14:15', '2023-05-27 15:14:15'),(5, 'Nhảy việc và những con số bạn cần phải lưu tâm 5', 'posts/news2.jpg', 'Description Quyền lợi nhân viên 5', 'Enim laudantium delectus sed aut. Sapiente consequatur saepe nesciunt labore voluptatem dolores voluptas. Rerum autem delectus voluptate quisquam non. Beatae accusamus expedita odit soluta vel.', 'Tìm Nghề Không Khó', 'nhay-viec-va-nhung-con-so-ban-can-phai-luu-tam-5', '2023-05-27 15:14:15', '2023-05-27 15:14:15'),(6, 'Quyền lợi nhân viên 6', 'posts/news3.jpg', 'Description Quyền lợi nhân viên 6', 'Repellat et voluptatum fugit aliquam non blanditiis est. Sed consequuntur atque quis adipisci eveniet commodi labore. Excepturi sint sunt molestias occaecati est.', 'Tìm Nghề Không Khó', 'quyen-loi-nhan-vien-6', '2023-05-27 15:14:15', '2023-05-27 15:14:15'),(7, 'Nhảy việc và những con số bạn cần phải lưu tâm 7', 'posts/news1.jpg', 'Description Quyền lợi nhân viên 7', 'Ut error vero omnis iusto. Et hic rerum velit rerum rerum unde accusamus voluptates. Sit nam eaque quam inventore sequi sed velit. Adipisci dolores quia velit in distinctio ad.', 'Hành Trang Yêu Nghề', 'nhay-viec-va-nhung-con-so-ban-can-phai-luu-tam-7', '2023-05-27 15:14:15', '2023-05-27 15:14:15'),(8, 'Quyền lợi nhân viên 8', 'posts/news1.jpg', 'Description Nhảy việc và những con số bạn cần phải lưu tâm 8', 'Nam assumenda non dignissimos sequi. A id sint suscipit aut non impedit. Aliquam aut quos sit voluptatem eligendi aliquam. Debitis quia cumque ratione.', 'Hành Trang Fresher', 'quyen-loi-nhan-vien-8', '2023-05-27 15:14:15', '2023-05-27 15:14:15'),(9, 'Nhảy việc và những con số bạn cần phải lưu tâm 9', 'posts/news2.jpg', 'Description Huấn luyện nhân sự 9', 'Vero aperiam rerum a labore aliquam autem et. Nisi culpa illum temporibus impedit voluptas nulla ratione. Nihil accusantium adipisci et.', 'Hành Trang Yêu Nghề', 'nhay-viec-va-nhung-con-so-ban-can-phai-luu-tam-9', '2023-05-27 15:14:15', '2023-05-27 15:14:15'),(10, 'Quyền lợi nhân viên 10', 'posts/news3.jpg', 'Description Nhảy việc và những con số bạn cần phải lưu tâm 10', 'Voluptatem recusandae quis voluptate pariatur rem. Rerum labore expedita ea et. Eveniet optio quidem voluptatem laborum error inventore ut a.', 'Hành Trang Yêu Nghề', 'quyen-loi-nhan-vien-10', '2023-05-27 15:14:15', '2023-05-27 15:14:15'),(11, 'Quyền lợi nhân viên 11', 'posts/news1.jpg', 'Description Nhảy việc và những con số bạn cần phải lưu tâm 11', 'Reprehenderit explicabo voluptatem amet quo. Dolores qui magni sed ut autem possimus. Quo aut sapiente modi voluptatibus molestiae et nostrum non. Facere sit velit fuga debitis quisquam in.', 'Hành Trang Fresher', 'quyen-loi-nhan-vien-11', '2023-05-27 15:14:15', '2023-05-27 15:14:15'),(12, 'Nhảy việc và những con số bạn cần phải lưu tâm 12', 'posts/news2.jpg', 'Description Quyền lợi nhân viên 12', 'Enim ipsum reiciendis ut et pariatur. Est consequatur perferendis atque. Eaque unde eveniet rerum vitae. Error amet ipsam consectetur necessitatibus ea porro.', 'Tìm Nghề Không Khó', 'nhay-viec-va-nhung-con-so-ban-can-phai-luu-tam-12', '2023-05-27 15:14:15', '2023-05-27 15:14:15'),(13, 'Huấn luyện nhân sự 13', 'posts/news1.jpg', 'Description Quyền lợi nhân viên 13', 'Sunt voluptatum numquam autem. Iste quia enim consequatur velit ut aliquam quia asperiores. Error et quidem quisquam.', 'Hành Trang Fresher', 'huan-luyen-nhan-su-13', '2023-05-27 15:14:15', '2023-05-27 15:14:15'),(14, 'Quyền lợi nhân viên 14', 'posts/news1.jpg', 'Description Quyền lợi nhân viên 14', 'Doloribus soluta ut facilis dolores qui maxime. Ex cumque impedit nihil est quaerat omnis. Ullam eum delectus et enim fuga omnis dolore. A sed natus eaque quis voluptatem aspernatur consequuntur.', 'Hành Trang Yêu Nghề', 'quyen-loi-nhan-vien-14', '2023-05-27 15:14:15', '2023-05-27 15:14:15'),(15, 'Huấn luyện nhân sự 15', 'posts/news1.jpg', 'Description Huấn luyện nhân sự 15', 'Sed cumque ut esse nobis iusto. Iure maiores amet nisi qui laudantium. Nihil dolor rerum accusantium occaecati.', 'Tìm Nghề Không Khó', 'huan-luyen-nhan-su-15', '2023-05-27 15:14:15', '2023-05-27 15:14:15'),(16, 'Quyền lợi nhân viên 16', 'posts/news3.jpg', 'Description Quyền lợi nhân viên 16', 'Occaecati inventore quae quo asperiores rem. Ducimus illo rerum eos eveniet minus ea. Ipsum maiores totam enim. Laboriosam sed molestias quae necessitatibus maiores enim non.', 'Hành Trang Yêu Nghề', 'quyen-loi-nhan-vien-16', '2023-05-27 15:14:15', '2023-05-27 15:14:15'),(17, 'Huấn luyện nhân sự 17', 'posts/news3.jpg', 'Description Huấn luyện nhân sự 17', 'Illum sit hic aut neque. Maxime et excepturi quaerat dolores. Aut doloremque repudiandae iure cumque dicta cupiditate voluptatem corrupti. Omnis maxime culpa aut aspernatur vitae quia. Est praesentium consequatur pariatur voluptatem.', 'Hành Trang Fresher', 'huan-luyen-nhan-su-17', '2023-05-27 15:14:15', '2023-05-27 15:14:15'),(18, 'Nhảy việc và những con số bạn cần phải lưu tâm 18', 'posts/news1.jpg', 'Description Quyền lợi nhân viên 18', 'Et quasi repudiandae ratione harum. Aut consequatur voluptas error hic possimus sed. Et qui omnis dolore. Voluptate sit commodi sunt doloremque.', 'Hành Trang Yêu Nghề', 'nhay-viec-va-nhung-con-so-ban-can-phai-luu-tam-18', '2023-05-27 15:14:15', '2023-05-27 15:14:15'),(19, 'Huấn luyện nhân sự 19', 'posts/news2.jpg', 'Description Nhảy việc và những con số bạn cần phải lưu tâm 19', 'Officiis ut quia aut nulla sed natus recusandae. Voluptas illo accusamus voluptatem quam porro quo nisi minima. Rerum voluptatibus nam molestias impedit.', 'Hành Trang Yêu Nghề', 'huan-luyen-nhan-su-19', '2023-05-27 15:14:15', '2023-05-27 15:14:15'),(20, 'Huấn luyện nhân sự 20', 'posts/news3.jpg', 'Description Nhảy việc và những con số bạn cần phải lưu tâm 20', 'Tempora delectus ut est vitae. Dolores molestias non aliquam dolorem. Natus corporis similique ut ab soluta corporis.', 'Tìm Nghề Không Khó', 'huan-luyen-nhan-su-20', '2023-05-27 15:14:15', '2023-05-27 15:14:15'),(21, 'Huấn luyện nhân sự 21', 'posts/news2.jpg', 'Description Huấn luyện nhân sự 21', 'Possimus a provident vitae aspernatur. Quam aliquid quidem non voluptatem nostrum blanditiis nulla. Accusamus et aut illo laudantium nam voluptates delectus. At rerum ipsum sunt quasi et.', 'Hành Trang Fresher', 'huan-luyen-nhan-su-21', '2023-05-27 15:14:15', '2023-05-27 15:14:15'),(22, 'Nhảy việc và những con số bạn cần phải lưu tâm 22', 'posts/news1.jpg', 'Description Nhảy việc và những con số bạn cần phải lưu tâm 22', 'Iste non id illo magni ex quis blanditiis error. Sunt atque mollitia nesciunt quisquam. Libero autem esse et veritatis ut exercitationem. Modi totam et iure dolor.', 'Hành Trang Fresher', 'nhay-viec-va-nhung-con-so-ban-can-phai-luu-tam-22', '2023-05-27 15:14:15', '2023-05-27 15:14:15'),(23, 'Quyền lợi nhân viên 23', 'posts/news2.jpg', 'Description Quyền lợi nhân viên 23', 'Veniam inventore minima omnis magni autem. Tempore dolorum earum vero quae qui. Quis ut ex ratione voluptatem.', 'Hành Trang Yêu Nghề', 'quyen-loi-nhan-vien-23', '2023-05-27 15:14:15', '2023-05-27 15:14:15'),(24, 'Huấn luyện nhân sự 24', 'posts/news3.jpg', 'Description Huấn luyện nhân sự 24', 'Quis adipisci voluptas dolorem et rerum eveniet eaque. Modi sit numquam mollitia excepturi ad. Accusantium dolorem laboriosam occaecati aspernatur excepturi et.', 'Tìm Nghề Không Khó', 'huan-luyen-nhan-su-24', '2023-05-27 15:14:15', '2023-05-27 15:14:15'),(25, 'Quyền lợi nhân viên 25', 'posts/news3.jpg', 'Description Nhảy việc và những con số bạn cần phải lưu tâm 25', 'Soluta soluta quam neque sed aut. Vel quo inventore beatae sit fuga atque qui esse. Quas nesciunt incidunt modi qui distinctio qui. Dolorem aperiam perspiciatis aut in doloribus nisi. Quo sint voluptatem consectetur perferendis voluptas.', 'Hành Trang Yêu Nghề', 'quyen-loi-nhan-vien-25', '2023-05-27 15:14:15', '2023-05-27 15:14:15'),(26, 'Quyền lợi nhân viên 26', 'posts/news3.jpg', 'Description Huấn luyện nhân sự 26', 'Delectus ut et pariatur iure vero temporibus. Et sunt porro voluptate nulla omnis. Et qui facere non nam voluptas est quia.', 'Hành Trang Fresher', 'quyen-loi-nhan-vien-26', '2023-05-27 15:14:15', '2023-05-27 15:14:15'),(27, 'Quyền lợi nhân viên 27', 'posts/news3.jpg', 'Description Huấn luyện nhân sự 27', 'Laboriosam dolorem sequi deserunt est repellendus. Unde ipsam nihil eum nulla quae voluptatum dolorem. Voluptatem quidem aut soluta magni nobis et. Excepturi non tempore dignissimos qui aut quaerat soluta.', 'Hành Trang Yêu Nghề', 'quyen-loi-nhan-vien-27', '2023-05-27 15:14:15', '2023-05-27 15:14:15'),(28, 'Quyền lợi nhân viên 28', 'posts/news2.jpg', 'Description Quyền lợi nhân viên 28', 'Repellat voluptates corporis animi. Totam est explicabo est sapiente. Nulla quis provident fugit vel vitae.', 'Hành Trang Yêu Nghề', 'quyen-loi-nhan-vien-28', '2023-05-27 15:14:15', '2023-05-27 15:14:15'),(29, 'Nhảy việc và những con số bạn cần phải lưu tâm 29', 'posts/news3.jpg', 'Description Quyền lợi nhân viên 29', 'Suscipit ea eum vel autem eaque quaerat. Neque reprehenderit vitae quia veritatis. Possimus ut consequatur aut iste. Consequatur ratione soluta vel dolor.', 'Tìm Nghề Không Khó', 'nhay-viec-va-nhung-con-so-ban-can-phai-luu-tam-29', '2023-05-27 15:14:15', '2023-05-27 15:14:15'),(30, 'Nhảy việc và những con số bạn cần phải lưu tâm 30', 'posts/news3.jpg', 'Description Nhảy việc và những con số bạn cần phải lưu tâm 30', 'Dolorem dolorum quaerat perspiciatis mollitia voluptatem. Id sint aliquid nulla maxime quos molestiae veritatis. Quibusdam voluptas officiis omnis eveniet eaque. Fugiat eius eum possimus provident.', 'Hành Trang Fresher', 'nhay-viec-va-nhung-con-so-ban-can-phai-luu-tam-30', '2023-05-27 15:14:15', '2023-05-27 15:14:15'),(31, 'Quyền lợi nhân viên 31', 'posts/news2.jpg', 'Description Huấn luyện nhân sự 31', 'Impedit qui quasi totam dignissimos dolorem et dicta sed. Sit ipsum veniam sint delectus. Rerum quos cum autem perferendis. Eum repellendus ab architecto fugiat illo.', 'Hành Trang Yêu Nghề', 'quyen-loi-nhan-vien-31', '2023-05-27 15:14:15', '2023-05-27 15:14:15'),(32, 'Huấn luyện nhân sự 32', 'posts/news2.jpg', 'Description Quyền lợi nhân viên 32', 'Optio et quaerat aliquid quidem tempore inventore. Iste sit maiores eum incidunt ad sit eius. Molestias possimus et ea et iste ut omnis.', 'Hành Trang Fresher', 'huan-luyen-nhan-su-32', '2023-05-27 15:14:15', '2023-05-27 15:14:15'),(33, 'Quyền lợi nhân viên 33', 'posts/news2.jpg', 'Description Nhảy việc và những con số bạn cần phải lưu tâm 33', 'Aperiam natus qui eveniet cumque aut. Porro est molestiae neque eos dolor mollitia occaecati.', 'Hành Trang Fresher', 'quyen-loi-nhan-vien-33', '2023-05-27 15:14:15', '2023-05-27 15:14:15'),(34, 'Nhảy việc và những con số bạn cần phải lưu tâm 34', 'posts/news2.jpg', 'Description Quyền lợi nhân viên 34', 'Vel vel consectetur provident commodi. Vel autem temporibus sapiente omnis repellat dolorem nam voluptate. Placeat neque odit harum eos libero reprehenderit dicta. Temporibus tempora illo aliquid.', 'Hành Trang Yêu Nghề', 'nhay-viec-va-nhung-con-so-ban-can-phai-luu-tam-34', '2023-05-27 15:14:15', '2023-05-27 15:14:15'),(35, 'Nhảy việc và những con số bạn cần phải lưu tâm 35', 'posts/news3.jpg', 'Description Huấn luyện nhân sự 35', 'Non commodi error consequuntur sed. Rerum quae earum maxime dolores similique tempore voluptatibus numquam. Placeat vel similique voluptas sunt autem esse velit.', 'Hành Trang Yêu Nghề', 'nhay-viec-va-nhung-con-so-ban-can-phai-luu-tam-35', '2023-05-27 15:14:16', '2023-05-27 15:14:16'),(36, 'Huấn luyện nhân sự 36', 'posts/news3.jpg', 'Description Huấn luyện nhân sự 36', 'Quia voluptas cum nemo dignissimos. Adipisci sed tempore libero. Praesentium unde ut dolores praesentium. Vel nesciunt voluptatem delectus quasi voluptatem voluptates quia.', 'Hành Trang Fresher', 'huan-luyen-nhan-su-36', '2023-05-27 15:14:16', '2023-05-27 15:14:16'),(37, 'Nhảy việc và những con số bạn cần phải lưu tâm 37', 'posts/news3.jpg', 'Description Quyền lợi nhân viên 37', 'Doloribus suscipit aliquam qui iusto quo quidem. Consequatur id occaecati non ad consequuntur. Nihil facilis eum tempora voluptatem et. Nihil ut aut ducimus eos mollitia dolor.', 'Hành Trang Fresher', 'nhay-viec-va-nhung-con-so-ban-can-phai-luu-tam-37', '2023-05-27 15:14:16', '2023-05-27 15:14:16'),(38, 'Nhảy việc và những con số bạn cần phải lưu tâm 38', 'posts/news3.jpg', 'Description Nhảy việc và những con số bạn cần phải lưu tâm 38', 'Libero beatae ut nulla praesentium. Repellat dolore necessitatibus facere et ab. Est optio eos dignissimos. Sit sed quis saepe alias molestiae. Porro enim cum mollitia aut incidunt iure.', 'Hành Trang Fresher', 'nhay-viec-va-nhung-con-so-ban-can-phai-luu-tam-38', '2023-05-27 15:14:16', '2023-05-27 15:14:16'),(39, 'Quyền lợi nhân viên 39', 'posts/news3.jpg', 'Description Quyền lợi nhân viên 39', 'Hic et exercitationem optio fugiat pariatur excepturi. Iusto omnis non voluptatum est repudiandae dolores. Ducimus placeat est hic sint quas eaque.', 'Hành Trang Fresher', 'quyen-loi-nhan-vien-39', '2023-05-27 15:14:16', '2023-05-27 15:14:16'),(40, 'Quyền lợi nhân viên 40', 'posts/news1.jpg', 'Description Huấn luyện nhân sự 40', 'Omnis ut et aut magnam. Pariatur debitis qui tenetur voluptas cum id. Delectus perferendis eos nihil corporis blanditiis cupiditate occaecati.', 'Hành Trang Fresher', 'quyen-loi-nhan-vien-40', '2023-05-27 15:14:16', '2023-05-27 15:14:16'),(41, 'Quyền lợi nhân viên 41', 'posts/news2.jpg', 'Description Huấn luyện nhân sự 41', 'Veritatis vero exercitationem voluptas dolor dolores ipsa quia. Rerum commodi necessitatibus a qui aspernatur autem cum. Rerum facilis sunt velit laudantium. Voluptatum quos molestiae rem et excepturi.', 'Hành Trang Fresher', 'quyen-loi-nhan-vien-41', '2023-05-27 15:14:16', '2023-05-27 15:14:16'),(42, 'Nhảy việc và những con số bạn cần phải lưu tâm 42', 'posts/news2.jpg', 'Description Huấn luyện nhân sự 42', 'Autem nostrum quasi qui id nemo. Sequi minus inventore voluptas neque earum. Ut voluptas dignissimos illo vel. Omnis magni vel nam necessitatibus.', 'Tìm Nghề Không Khó', 'nhay-viec-va-nhung-con-so-ban-can-phai-luu-tam-42', '2023-05-27 15:14:16', '2023-05-27 15:14:16'),(43, 'Quyền lợi nhân viên 43', 'posts/news2.jpg', 'Description Nhảy việc và những con số bạn cần phải lưu tâm 43', 'Omnis quasi et tempora est perspiciatis est voluptatem qui. Et quisquam dolor quod numquam voluptatem aut voluptatibus. Voluptates sed non tenetur animi deleniti quae adipisci pariatur. Maiores maxime non commodi sit laborum velit.', 'Hành Trang Fresher', 'quyen-loi-nhan-vien-43', '2023-05-27 15:14:16', '2023-05-27 15:14:16'),(44, 'Quyền lợi nhân viên 44', 'posts/news3.jpg', 'Description Quyền lợi nhân viên 44', 'Est quis in vitae quaerat. Asperiores voluptate aliquam asperiores nesciunt non. Harum aut dolorem rerum dolor ex id quia. Et facere vero ut atque. Voluptatem esse dolorem dolores dicta.', 'Hành Trang Yêu Nghề', 'quyen-loi-nhan-vien-44', '2023-05-27 15:14:16', '2023-05-27 15:14:16'),(45, 'Nhảy việc và những con số bạn cần phải lưu tâm 45', 'posts/news3.jpg', 'Description Huấn luyện nhân sự 45', 'Maxime libero ea praesentium perspiciatis quibusdam aut amet quibusdam. Aut nobis aut ex aspernatur amet. Qui eos quia earum autem nemo. Iusto non dolorem nobis ipsam quis deleniti. In temporibus soluta quidem ipsam ut occaecati laborum autem.', 'Tìm Nghề Không Khó', 'nhay-viec-va-nhung-con-so-ban-can-phai-luu-tam-45', '2023-05-27 15:14:16', '2023-05-27 15:14:16'),(46, 'Quyền lợi nhân viên 46', 'posts/news3.jpg', 'Description Huấn luyện nhân sự 46', 'Consequuntur sunt esse voluptatem doloremque quae. Expedita et cupiditate perspiciatis quaerat. In vitae voluptatem debitis enim nisi velit.', 'Tìm Nghề Không Khó', 'quyen-loi-nhan-vien-46', '2023-05-27 15:14:16', '2023-05-27 15:14:16'),(47, 'Nhảy việc và những con số bạn cần phải lưu tâm 47', 'posts/news1.jpg', 'Description Nhảy việc và những con số bạn cần phải lưu tâm 47', 'Et et dignissimos reiciendis et. Et non molestiae accusantium quaerat laudantium natus qui necessitatibus. Repudiandae aut repellat quibusdam et ad veritatis maiores. Voluptas nisi cupiditate tenetur et fugiat.', 'Hành Trang Fresher', 'nhay-viec-va-nhung-con-so-ban-can-phai-luu-tam-47', '2023-05-27 15:14:16', '2023-05-27 15:14:16'),(48, 'Quyền lợi nhân viên 48', 'posts/news1.jpg', 'Description Quyền lợi nhân viên 48', 'Non eveniet cum earum fugiat atque dolores. Molestiae neque nam eos velit est quisquam. Quia nisi laudantium in enim.', 'Hành Trang Yêu Nghề', 'quyen-loi-nhan-vien-48', '2023-05-27 15:14:16', '2023-05-27 15:14:16'),(49, 'Quyền lợi nhân viên 49', 'posts/news1.jpg', 'Description Huấn luyện nhân sự 49', 'Magni aliquam culpa ratione rerum asperiores vel distinctio deleniti. Deleniti qui similique animi fugiat. A natus repellat minima et numquam vel quod ea.', 'Hành Trang Fresher', 'quyen-loi-nhan-vien-49', '2023-05-27 15:14:16', '2023-05-27 15:14:16'),(50, 'Huấn luyện nhân sự 50', 'posts/news1.jpg', 'Description Quyền lợi nhân viên 50', 'Nulla ipsum ab enim eos nisi veniam nesciunt. Nisi temporibus ex iste et magnam ut.', 'Hành Trang Fresher', 'huan-luyen-nhan-su-50', '2023-05-27 15:14:16', '2023-05-27 15:14:16'),(51, 'Thêm mới bài viết', '/storage/uploads/2023/05/27/banner-loginpng', 'Thêm mới bài viết', '<h1 style=\"margin-right: 0px; margin-bottom: 0px; margin-left: 0px; font-family: &quot;Source Sans Pro&quot;, -apple-system, BlinkMacSystemFont, &quot;Segoe UI&quot;, Roboto, &quot;Helvetica Neue&quot;, Arial, sans-serif, &quot;Apple Color Emoji&quot;, &quot;Segoe UI Emoji&quot;, &quot;Segoe UI Symbol&quot;; color: rgb(33, 37, 41); font-size: 1.8rem; background-color: rgb(244, 246, 249);\">Thêm mới bài viết</h1>', 'Thêm mới bài viết', 'them-moi-bai-viet', '2023-05-27 16:02:18', '2023-05-27 16:02:18');
UNLOCK TABLES;
COMMIT;
BEGIN;
LOCK TABLES `users` WRITE;
DELETE FROM `users`;
INSERT INTO `users` (`id`,`username`,`email`,`password`,`full_name`,`address`,`gender`,`phone`,`company`,`city`,`remember_token`,`created_at`,`updated_at`) VALUES (1, 'admin', 'admin@example.com', '$2y$10$gyxUx9iB/F0.H/zU.4dn5.fxB2ssJyZSQVUXkjTE9KqvAIo2ICHNe', 'admin', '2714 Kristian Valley Suite 837\nEast Evelynberg, IL 45114-5456', 1, '+12764451247', 'Hoeger-Leannon', 'Schambergerfort', NULL, '2023-05-27 15:14:15', '2023-05-27 15:14:15'),(2, 'user', 'user@example.com', '$2y$10$sDTY9EHrGwKAPPyX9ijUi.qewXqJSjnZ/eNqJMSB9T7ggV6CGuVsa', 'user', '489 Roger Shoals Apt. 843\nNorth Luraton, AL 44181-7314', 1, '+16515382096', 'Reichel, Beier and Leuschke', 'Lake Brantchester', NULL, '2023-05-27 15:14:15', '2023-05-27 15:14:15');
UNLOCK TABLES;
COMMIT;
